Term,Sentiment_Score,Last_Update_Date
annoying,-1.722,12/6/2018
appropriate,1.008,12/6/2018
authentic,1.581,12/6/2018
aweful,-1.947,12/6/2018
awful quality,-1.944,12/6/2018
awkward,-1.581,12/6/2018
beneficial,1.581,12/6/2018
better,2.376,12/6/2018
bored,-1.581,12/6/2018
broken,-1.008,12/6/2018
capable,1.581,12/6/2018
constructive,1.008,12/6/2018
correctly,1.581,12/6/2018
courteous,1.581,12/6/2018
cute,1.581,12/6/2018
dead,-1.008,12/6/2018
definitive,1.581,12/6/2018
disappoint,-1.581,12/6/2018
disturbing,-1.722,12/6/2018
dodgy,-1.581,12/6/2018
dreadful,-1.581,12/6/2018
dumb,-1.581,12/6/2018
eager,1.581,12/6/2018
economical,1.008,12/6/2018
effortless,1.581,12/6/2018
exemplary,2.049,12/6/2018
exorbitant,-1.581,12/6/2018
fab,1.719,12/6/2018
famous,1.008,12/6/2018
fancy,0.795,12/6/2018
fantastic,2.052,12/6/2018
fastest,1.581,12/6/2018
fitting,1.008,12/6/2018
flimsy,-0.99,12/6/2018
fortunately,1,12/6/2018
futile,-1.581,12/6/2018
genial,1.719,12/6/2018
gorgeous,1.947,12/6/2018
handy,1.581,12/6/2018
healthy,1.719,12/6/2018
high quality,1.083,12/6/2018
high-powered,1.083,12/6/2018
improper,-1.008,12/6/2018
insufficient,-1.008,12/6/2018
insulting,-1.947,12/6/2018
issue,-2,12/6/2018
kind,1.602,12/6/2018
lame,-1.722,12/6/2018
legible,1.008,12/6/2018
nasty,-1.722,12/6/2018
neat,1.581,12/6/2018
not adequate,-1.242,12/6/2018
not be happier,-1.68,12/6/2018
not been good,-1.578,12/6/2018
not best,-2.337,12/6/2018
not durable,-1.884,12/6/2018
not easily accessible,-1.674,12/6/2018
not excellent,-2.421,12/6/2018
not fair,-1.884,12/6/2018
not fantastic,-2.337,12/6/2018
not great,-1.542,12/6/2018
not helpful,-1.884,12/6/2018
not perfectly,-2.646,12/6/2018
not perfectly stable,-1.92,12/6/2018
not reasonable,-0.795,12/6/2018
not safe,-1.884,12/6/2018
not seamless,-1.884,12/6/2018
not sending,-2,12/6/2018
not simple,-0.744,12/6/2018
not solved,-2,12/6/2018
not stable,-1.242,12/6/2018
not stunning,-2.241,12/6/2018
not stupid,1.905,12/6/2018
not useful,-1.884,12/6/2018
noteworthy,1.581,12/6/2018
obscene,-1.947,12/6/2018
obsolete,-1.008,12/6/2018
overblown,-1.008,12/6/2018
painful,-1.836,12/6/2018
passive,-1.008,12/6/2018
pathetic,-1.722,12/6/2018
pertinent,1.581,12/6/2018
poor,-1.581,12/6/2018
potent,1.008,12/6/2018
precious,1.944,12/6/2018
proud,1.581,12/6/2018
prudent,1.719,12/6/2018
rapid,1.581,12/6/2018
readable,1.008,12/6/2018
resistant,1.581,12/6/2018
rich,1.581,12/6/2018
sad,-1.581,12/6/2018
sorry,-1.581,12/6/2018
spacious,1.581,12/6/2018
speedy,1.581,12/6/2018
strong,1.581,12/6/2018
stubborn,-1.581,12/6/2018
stunningly,1.944,12/6/2018
stupid,-1.602,12/6/2018
super,1.836,12/6/2018
supportive,1.581,12/6/2018
suspicious,-1.581,12/6/2018
tacky,-1.581,12/6/2018
unacceptable,-1.836,12/6/2018
unavailable,-1.008,12/6/2018
unclear,-1.008,12/6/2018
unexpected,-1.008,12/6/2018
unhelpful,-1.581,12/6/2018
unsatisfactory,-1.758,12/6/2018
unsuitable,-1.581,12/6/2018
unsurpassed,1.944,12/6/2018
unusable,-1.581,12/6/2018
user friendly,1.581,12/6/2018
very bad,1.884,12/6/2018
warm,1.581,12/6/2018
welcome,1.581,12/6/2018
well made,1.878,12/6/2018
worst,-2.1,12/6/2018
worthy,1.722,12/6/2018
advantageous,1.719,12/6/2018
bad quality,-1.581,12/6/2018
careful,1.008,12/6/2018
clean,1.581,12/6/2018
colourful,1.581,12/6/2018
compatible,1.008,12/6/2018
contradictory,-1.581,12/6/2018
crash,-1.008,12/6/2018
delightful,1.947,12/6/2018
difficult,-1.719,12/6/2018
dissatisfied,-1.602,12/6/2018
dizzy,-1.008,12/6/2018
embarrassed,-1.581,12/6/2018
excited,1.581,12/6/2018
fabulous,1.944,12/6/2018
faster,1.581,12/6/2018
faultless,1.836,12/6/2018
flaky,-1.581,12/6/2018
foolish,-1.581,12/6/2018
foul,-1.722,12/6/2018
froze,1.581,12/6/2018
fruitless,-1.581,12/6/2018
furious,-1.722,12/6/2018
good quality,1.719,12/6/2018
happier,1.722,12/6/2018
honest,1.581,12/6/2018
idle,-1.581,12/6/2018
incomplete,-1.008,12/6/2018
inflexible,-1.581,12/6/2018
inoperable,-1.581,12/6/2018
invalid,-1.581,12/6/2018
lasting,1.008,12/6/2018
lousy,-1.581,12/6/2018
meaningless,-1.008,12/6/2018
messy,-1.581,12/6/2018
muscular,1.581,12/6/2018
nice,1.602,12/6/2018
nicer,1.719,12/6/2018
no issues,1,12/6/2018
non-functional,-1.008,12/6/2018
not at all satisfied,-2.19,12/6/2018
not available,-0.795,12/6/2018
not compatible,-1.242,12/6/2018
not connect,-2,12/6/2018
not cost-effective,-1.884,12/6/2018
not expensive,1.242,12/6/2018
not fast,-1.884,12/6/2018
not faulty,1.884,12/6/2018
not functional,-1.242,12/6/2018
not noisy,1.512,12/6/2018
not outstanding,-1.884,12/6/2018
not quite happy,-1.59,12/6/2018
not receive,-2,12/6/2018
not recommended,-2,12/6/2018
not removable,-0.795,12/6/2018
not return,2,12/21/2018
not robust,-1.884,12/6/2018
not start,-2,12/6/2018
not successful,-2.025,12/6/2018
not sufficient,-2,12/6/2018
not terrible,2.241,12/6/2018
not that impressed,-1.884,12/6/2018
not the issue,1,12/6/2018
not too much,2.025,12/6/2018
not very good,-2.355,12/6/2018
not very optimal,-2.616,12/6/2018
okay,1.008,12/6/2018
outlandish,-1.008,12/6/2018
pleasant,1.947,12/6/2018
pleased,2.376,12/6/2018
pleasurable,1.944,12/6/2018
plentiful,1.581,12/6/2018
polite,1.581,12/6/2018
popular,1.722,12/6/2018
prestigious,1.836,12/6/2018
pricey,-1.008,12/6/2018
problem,-2,12/6/2018
problematic,-1.581,12/6/2018
productive,1.581,12/6/2018
prominent,1.581,12/6/2018
promising,1.581,12/6/2018
qualified,1.008,12/6/2018
reputable,1.581,12/6/2018
responsive,1.581,12/6/2018
restrictive,-1.008,12/6/2018
running,1,12/6/2018
shaky,-1.581,12/6/2018
shitty,-1.947,12/6/2018
shocking,-1.008,12/6/2018
sick,-1.581,12/6/2018
simpler,0.795,12/6/2018
slow,-1.008,12/6/2018
smooth,1,12/6/2018
sophisticated,1.581,12/6/2018
sore,-1.581,12/6/2018
spectacular,1.944,12/6/2018
stingy,-1.581,12/6/2018
strongly,1.581,12/6/2018
stunning,1.944,12/6/2018
timely,1.581,12/6/2018
troublesome,-1.722,12/6/2018
trusty,1.581,12/6/2018
unanswered,-1.008,12/6/2018
uncertain,-1.008,12/6/2018
uneasy,-1.581,12/6/2018
uneconomical,-1.581,12/6/2018
unprofessional,-1.581,12/6/2018
unsure,-1.581,12/6/2018
weird,-1.008,12/6/2018
well done,2.55,12/6/2018
well-designed,1.878,12/6/2018
worse,-1.758,12/6/2018
accurate,1.581,12/6/2018
adverse,-1.581,12/6/2018
affordable,1.581,12/6/2018
afraid,-1.008,12/6/2018
aggressive,-1.581,12/6/2018
alright,1.008,12/6/2018
amaze,1.947,12/6/2018
ambiguous,-1.008,12/6/2018
bad-quality,-1.581,12/6/2018
beautifully,1.722,12/6/2018
bulky,-0.99,12/6/2018
choppy,-1.008,12/6/2018
coarse,-1.008,12/6/2018
commendable,1.797,12/6/2018
compact,0.795,12/6/2018
competitive,1.581,12/6/2018
cumbersome,-1.008,12/6/2018
decent,1.581,12/6/2018
decisive,1.008,12/6/2018
desirable,1.836,12/6/2018
disgusted,-1.947,12/6/2018
divine,1.719,12/6/2018
do not purchase,-1.944,12/6/2018
drastic,-1.008,12/6/2018
easier,1.581,12/6/2018
eco friendly,1.719,12/6/2018
edible,1.008,12/6/2018
elegant,1.581,12/6/2018
embarrassing,-1.581,12/6/2018
enjoyable,1.719,12/6/2018
fake,-1.581,12/6/2018
favorite,1.836,12/6/2018
favourable,1.602,12/6/2018
favourite,1.836,12/6/2018
flawless,3,12/6/2018
frustrated,-1.581,12/6/2018
frustrating,-1.581,12/6/2018
garbage,-1.944,12/6/2018
glad,1.722,12/6/2018
good,2.55,12/6/2018
handsome,1.581,12/6/2018
helpful,1.581,12/6/2018
hopeless,-1.581,12/6/2018
inadequate,-1.581,12/6/2018
innovative,1.581,12/6/2018
intact,1.008,12/6/2018
intrusive,-1.581,12/6/2018
irreparable,-1.719,12/6/2018
jumpy,-1.008,12/6/2018
leaky,-1.008,12/6/2018
long lasting,1.581,12/6/2018
love,2.709,12/6/2018
low-cost,1.581,12/6/2018
lucky,1.722,12/6/2018
n't be happier,-1.68,12/6/2018
needless,-1.581,12/6/2018
no problems,1,12/6/2018
not a good,-1.905,12/6/2018
not accessible,-1.242,12/6/2018
not affordable,-1.884,12/6/2018
not an issue,1,12/6/2018
not at all flimsy,1.542,12/6/2018
not careful,-1.242,12/6/2018
not cheap,-1.242,12/6/2018
not comfortable,-1.884,12/6/2018
not competitive,-1.884,12/6/2018
not dirty,1.581,12/6/2018
not easy,-1.884,12/6/2018
not friendly,-2.025,12/6/2018
not good,-1.905,12/6/2018
not intuitive,-1.884,12/6/2018
not positive,-1.86,12/6/2018
not relevant,-1.242,12/6/2018
not responsive,-1.884,12/6/2018
not scan,-2,12/6/2018
not scanning,-2,12/6/2018
not so good,-2.256,12/6/2018
not soo good,-2.256,12/6/2018
not super,-2.13,12/6/2018
not the problem,1,12/6/2018
not timely,-2,12/6/2018
not too expensive,1.242,12/6/2018
not useable,-1.581,12/6/2018
not very accessible,-1.674,12/6/2018
not very durable,-2.337,12/6/2018
not very intuitive,-2.337,12/6/2018
not very pleasant,-2.616,12/6/2018
not very stable,-1.674,12/6/2018
not want,-2,12/6/2018
not worth,-2,12/6/2018
obnoxious,-1.947,12/6/2018
obscure,-1.581,12/6/2018
patchy,-1.008,12/6/2018
pitiful,-1.581,12/6/2018
proactive,1.008,12/6/2018
quickest,1.581,12/6/2018
quietly,1.008,12/6/2018
relevant,1.008,12/6/2018
reliable,1.581,12/6/2018
restricted,-1.008,12/6/2018
risky,-1.008,12/6/2018
rubbish,-1.581,12/6/2018
running well,1.878,12/6/2018
satisfied,1.719,12/6/2018
scarce,-1.008,12/6/2018
seasoned,1.581,12/6/2018
sensible,1.581,12/6/2018
serviceable,1.008,12/6/2018
straightforward,1.008,12/6/2018
sucky,-1.581,12/6/2018
sustainable,1.581,12/6/2018
tired,-1.581,12/6/2018
touchy,-1.56,12/6/2018
tricky,-1.581,12/6/2018
trivial,-1.008,12/6/2018
trustworthy,1.581,12/6/2018
understandable,1.008,12/6/2018
unhappy,-1.581,12/6/2018
unsuccessful,-1.581,12/6/2018
usable,1.581,12/6/2018
useful,2.127,12/6/2018
valuable,1.722,12/6/2018
willing,1.581,12/6/2018
wise,1.722,12/6/2018
wonderfully,2.148,12/6/2018
workable,1.008,12/6/2018
acceptable,1.008,12/6/2018
adaptable,1.008,12/6/2018
appealing,1.722,12/6/2018
arrogant,-1.581,12/6/2018
attractive,1.836,12/6/2018
bad,-1.581,12/6/2018
badly,-1.581,12/6/2018
balanced,1.008,12/6/2018
big problem,-1.944,12/6/2018
cleaner,1.719,12/6/2018
coherent,1.008,12/6/2018
cohesive,1.008,12/6/2018
compliant,1.008,12/6/2018
concrete,1.008,12/6/2018
crisp,1.008,12/6/2018
defective,-1.581,12/6/2018
defunct,-1.008,12/6/2018
dim,-1.008,12/6/2018
disproportionate,-1.581,12/6/2018
easiest,1.581,12/6/2018
effective,1.581,12/6/2018
excellent,2.148,12/6/2018
exceptional,1.947,12/6/2018
fail,-2.5,12/6/2018
favorable,1.602,12/6/2018
fine,2.394,12/6/2018
grateful,1.836,12/6/2018
great quality,2.709,12/6/2018
hideous,-1.581,12/6/2018
horrid,-1.947,12/6/2018
hot,-1,12/6/2018
inconsistent,-1.008,12/6/2018
inconvenient,-1.008,12/6/2018
inferior,-1.581,12/6/2018
irritating,-1.722,12/6/2018
likable,1.719,12/6/2018
literate,1.008,12/6/2018
loyal,1.947,12/6/2018
mediocre,-1.581,12/6/2018
middling,-1.008,12/6/2018
minor issues,-1.581,12/6/2018
n't been able,-0.78,12/6/2018
never been able,-0.954,12/6/2018
noble,1.581,12/6/2018
nonfunctional,-1.008,12/6/2018
not charge,-2,12/6/2018
not convenient,-1.884,12/6/2018
not damaged,2,12/6/2018
not fixed,-2,12/6/2018
not happy,-2.025,12/6/2018
not hot,2,12/6/2018
not last,-0.972,12/6/2018
not perfect,-2.241,12/6/2018
not readable,-1.242,12/6/2018
not right,-1.242,12/6/2018
not satisfied,-1.884,12/6/2018
not sent,-2,12/6/2018
not slow,1.008,12/6/2018
not so happy,-2.364,12/6/2018
not suitable,-1.242,12/6/2018
not that impressive,-2.025,12/6/2018
not too familiar,1.332,12/6/2018
not totally happy,-2.604,12/6/2018
not usable,-1.581,12/6/2018
not user-friendly,-1.884,12/6/2018
not wonderful,-2.421,12/6/2018
not worthy,-2.025,12/6/2018
novel,1.008,12/6/2018
optimal,1.944,12/6/2018
painless,1.008,12/6/2018
perfectible,1.719,12/6/2018
perfectly,2.646,12/6/2018
playful,1.581,12/6/2018
poor quality,-1.581,12/6/2018
print well,1.878,12/6/2018
pristine,1.944,12/6/2018
reflective,1.008,12/6/2018
regrettable,-1.581,12/6/2018
remarkable,1.722,12/6/2018
return,-2,12/6/2018
rewarding,1.944,12/6/2018
rude,-1.602,12/6/2018
safe,1.581,12/6/2018
short-lived,-1.008,12/6/2018
sleeker,1.581,12/6/2018
sloppy,-1.581,12/6/2018
superb,1.947,12/6/2018
superior,2.052,12/6/2018
terrible quality,-1.944,12/6/2018
thorough,1.008,12/6/2018
unbalanced,-1.008,12/6/2018
unimpressed,-1.581,12/6/2018
unlikely,-1.008,12/6/2018
unmatched,1.581,12/6/2018
unreliable,-1.581,12/6/2018
unresponsive,-0.795,12/6/2018
unworkable,-1.581,12/6/2018
valid,1.008,12/6/2018
very loud,-2.5,12/6/2018
vivid,1.581,12/6/2018
wretched,-1.722,12/6/2018
wrong,-1.581,12/6/2018
adventurous,1.581,12/6/2018
amazing,1.947,12/6/2018
amazingly,1.947,12/6/2018
appalling,-1.947,12/6/2018
appreciable,1.581,12/6/2018
ashamed,-1.581,12/6/2018
best,2.049,12/6/2018
bland,-1.008,12/6/2018
bloody,-1.008,12/6/2018
bold,1.008,12/6/2018
boring,-1.581,12/6/2018
catastrophic,-2.148,12/6/2018
cheap,1.008,12/6/2018
clumsy,-1.581,12/6/2018
complicated,-1.008,12/6/2018
confusing,-1.581,12/6/2018
convincing,1.008,12/6/2018
convoluted,-1.581,12/6/2018
cool,1.581,12/6/2018
cost-effective,1.581,12/6/2018
costly,-1.581,12/6/2018
crappy,-1.722,12/6/2018
creepy,-1.581,12/6/2018
definite,1.581,12/6/2018
desperate,-1.581,12/6/2018
disgruntled,-1.581,12/6/2018
displeased,-1.581,12/6/2018
easy,1.581,12/6/2018
excessive,-1.008,12/6/2018
failure,-2.5,12/6/2018
faithful,1.722,12/6/2018
fashionable,1.581,12/6/2018
fatal,-1.581,12/6/2018
feasible,1.008,12/6/2018
finest,1.944,12/6/2018
friendly,1.719,12/6/2018
frisky,1.008,12/6/2018
frivolous,-1.008,12/6/2018
frugal,1.008,12/6/2018
functional,1.008,12/6/2018
genuine,1.581,12/6/2018
good-quality,1.719,12/6/2018
great-quality,2.709,12/6/2018
greatly,2.709,12/6/2018
hard,-2,12/6/2018
high-performance,1.083,12/6/2018
horrendous,-1.947,12/6/2018
horrible,-1.836,12/6/2018
horrific,-1.947,12/6/2018
hot charger,-1,12/6/2018
incompatible,-1.581,12/6/2018
informative,1.581,12/6/2018
interested,1.581,12/6/2018
intuitive,1.581,12/6/2018
lazy,-1.581,12/6/2018
lightweight,1.008,12/6/2018
likely,1.008,12/6/2018
lofty,1.008,12/6/2018
made well,1.878,12/6/2018
magical,1.581,12/6/2018
manageable,1.008,12/6/2018
marvellous,1.944,12/6/2018
marvelous,1.944,12/6/2018
mere,-1.008,12/6/2018
minor issue,-1.581,12/6/2018
not a bad,1.884,12/6/2018
not accurate,-1.884,12/6/2018
not bad,1.884,12/6/2018
not disappoint,1.581,12/6/2018
not exceptional,-2.241,12/6/2018
not meaningful,-2.025,12/6/2018
not optimal,-2.241,12/6/2018
not sharp,-1.008,12/6/2018
not solve,-2,12/6/2018
not the best,-2.337,12/6/2018
not too sure,1.557,12/6/2018
not user friendly,-1.884,12/6/2018
not valid,-1.242,12/6/2018
not very impressed,-2.337,12/6/2018
not very robust,-2.337,12/6/2018
not work,-2,12/6/2018
overpriced,-1.581,12/6/2018
poorly,-1.581,12/6/2018
precise,1.581,12/6/2018
premium,1.581,12/6/2018
prohibitive,-1.581,12/6/2018
questionable,-1.581,12/6/2018
reluctant,-1.008,12/6/2018
sane,1.581,12/6/2018
scandalous,-1.581,12/6/2018
sexier,1.944,12/6/2018
sharp,1.008,12/6/2018
simple,0.603,12/6/2018
simplest,1.008,12/6/2018
slim,1.008,12/6/2018
smoothly,1,12/6/2018
spotless,1.581,12/6/2018
stable,1.008,12/6/2018
streamlined,1.008,12/6/2018
sublime,1.944,12/6/2018
trashy,-2.5,12/6/2018
trustful,1.581,12/6/2018
uncomfortable,-1.581,12/6/2018
undecided,-1.008,12/6/2018
uneven,-1.008,12/6/2018
unexplained,-1.008,12/6/2018
unfriendly,-1.722,12/6/2018
unreadable,-1.008,12/6/2018
unwieldy,-1.581,12/6/2018
wayward,-1.008,12/6/2018
weak,-1.38,12/6/2018
wobbly,-1.008,12/6/2018
abnormal,-1.008,12/6/2018
accessible,1.008,12/6/2018
attentive,1.581,12/6/2018
avid,1.581,12/6/2018
awesome,2.148,12/6/2018
bloated,-1.008,12/6/2018
brightest,1.581,12/6/2018
brilliant,1.836,12/6/2018
bummed,-1.581,12/6/2018
calm,1.008,12/6/2018
chronic,-1.836,12/6/2018
comfortable,1.581,12/6/2018
commensurate,1.008,12/6/2018
competent,1.581,12/6/2018
costlier,-1.581,12/6/2018
deficient,-1.581,12/6/2018
dirty,-1.581,12/6/2018
dismal,-1.722,12/6/2018
do not buy,-1.944,12/6/2018
dusty,-1.008,12/6/2018
easily,1.581,12/6/2018
efficient,1.581,12/6/2018
exquisite,1.581,12/6/2018
extraneous,-1.008,12/6/2018
faulty,-1.581,12/6/2018
freeze,-1.581,12/6/2018
generous,1.581,12/6/2018
gifted,1.719,12/6/2018
hasty,-1.008,12/6/2018
high-quality,1.083,12/6/2018
illiterate,-1.008,12/6/2018
impractical,-1.581,12/6/2018
impressive,1.722,12/6/2018
inaccurate,-1.008,12/6/2018
indestructible,1.581,12/6/2018
inoperative,-1.581,12/6/2018
intelligent,1.719,12/6/2018
legitimate,1.008,12/6/2018
low price,1.008,12/6/2018
mad,-1.008,12/6/2018
miserable,-1.722,12/6/2018
negative,-1.581,12/6/2018
no issue,1,12/6/2018
no problem,1,12/6/2018
not amazing,-2.241,12/6/2018
not any issues,1,12/6/2018
not better,-2.376,12/6/2018
not efficient,-1.884,12/6/2018
not impressed,-1.884,12/6/2018
not interested,-1.884,12/6/2018
not mad,1.242,12/6/2018
not negative,1.884,12/6/2018
not pleasant,-2.241,12/6/2018
not print,-2,12/6/2018
not printing,-2,12/6/2018
not running,-2,12/6/2018
not so easy,-2.238,12/6/2018
not that good,-1.905,12/6/2018
not the fastest,-1.884,12/6/2018
not very useful,-2.337,12/6/2018
objectionable,-1.581,12/6/2018
obtrusive,-1.581,12/6/2018
outrageous,-1.836,12/6/2018
outstanding,1.581,12/6/2018
overdue,-1.008,12/6/2018
patient,1.581,12/6/2018
perfect,2.646,12/6/2018
really well,2.55,12/6/2018
redundant,-1.008,12/6/2018
respectable,1.719,12/6/2018
robust,1.581,12/6/2018
rugged,1.581,12/6/2018
satisfying,1.719,12/6/2018
seamless,1.581,12/6/2018
silly,-1.581,12/6/2018
skilled,1.719,12/6/2018
slowly,-1.008,12/6/2018
spotty,-1.008,12/6/2018
stellar,1.581,12/6/2018
substandard,-1.581,12/6/2018
sufficient,1.008,12/6/2018
susceptible,-1.008,12/6/2018
sweet,1.581,12/6/2018
temperamental,-1.581,12/6/2018
terrible,-1.944,12/6/2018
thankful,1.722,12/6/2018
tiresome,-1.581,12/6/2018
too long,-1.008,12/6/2018
tougher,1.581,12/6/2018
tremendous,1.719,12/6/2018
unintelligible,-1.581,12/6/2018
unparalleled,1.581,12/6/2018
unpleasant,-1.722,12/6/2018
unreasonable,-1.947,12/6/2018
unsatisfied,-1.581,12/6/2018
unwanted,-1.581,12/6/2018
vibrant,1.581,12/6/2018
weaker,-1.602,12/6/2018
worried,-1.581,12/6/2018
above-average,1.581,12/6/2018
acute,-1.581,12/6/2018
adequate,1.008,12/6/2018
angry,-1.581,12/6/2018
annoyed,-1.722,12/6/2018
antiquated,-1.581,12/6/2018
astronomical,1.008,12/6/2018
atrocious,-2.052,12/6/2018
awful,-1.944,12/6/2018
beautiful,1.722,12/6/2018
bitter,-1.008,12/6/2018
bulkier,-0.99,12/6/2018
clever,1.581,12/6/2018
convenient,1.581,12/6/2018
cordial,1.581,12/6/2018
corrupt,-1.581,12/6/2018
crooked,-1.008,12/6/2018
daunting,-1.581,12/6/2018
dependable,1.581,12/6/2018
despicable,-1.947,12/6/2018
easy-to-use,1.581,12/6/2018
eco-friendly,1.719,12/6/2018
elaborate,1.581,12/6/2018
exciting,1.836,12/6/2018
expensive,-1.008,12/6/2018
fair,1.581,12/6/2018
formidable,1.581,12/6/2018
fragile,-0.99,12/6/2018
fraudulent,-1.581,12/6/2018
fresh,1.581,12/6/2018
funny,1.581,12/6/2018
fussy,-1.008,12/6/2018
good-looking,1.602,12/6/2018
great,2.709,12/6/2018
heavy-duty,1.581,12/6/2018
hesitant,-1.008,12/6/2018
hopeful,1.581,12/6/2018
hot battery,-1,12/6/2018
idiotic,-1.722,12/6/2018
illegal,-1.581,12/6/2018
immature,-1.581,12/6/2018
impeccable,1.944,12/6/2018
impressed,1.581,12/6/2018
incredible,1.722,12/6/2018
inefficient,-1.008,12/6/2018
informational,0.795,12/6/2018
interesting,1.581,12/6/2018
knowledgeable,1.581,12/6/2018
laborious,-1.581,12/6/2018
luxurious,1.944,12/6/2018
major issue,-1.944,12/6/2018
major issues,-1.944,12/6/2018
mighty,1.581,12/6/2018
misleading,-1.008,12/6/2018
nervous,-0.99,12/6/2018
nonsensical,-1.581,12/6/2018
not able,-1.38,12/6/2018
not afraid,1.242,12/6/2018
not always easy,-2.337,12/6/2018
not brilliant,-2.136,12/6/2018
not completely satisfied,-2.238,12/6/2018
not difficult,1.242,12/6/2018
not disappointed,1.581,12/6/2018
not functioning,-2,12/6/2018
not impossible,1.884,12/6/2018
not loving,-2.025,12/6/2018
not reliable,-1.884,12/6/2018
not respond,-2,12/6/2018
not responding,-2,12/6/2018
not rugged,-1.884,12/6/2018
not run,-2,12/6/2018
not send,-2,12/6/2018
not so keen,-2.22,12/6/2018
not the easiest,-1.884,12/6/2018
not too bulky,1.242,12/6/2018
not too good,-1.905,12/6/2018
not too long,1.332,12/6/2018
not very comfortable,-2.337,12/6/2018
not very happy,-2.454,12/6/2018
not very reliable,-2.337,12/6/2018
not very supportive,-2.337,12/6/2018
not weakest,1.38,12/6/2018
not willing,-1.884,12/6/2018
outdated,-1.008,12/6/2018
phenomenal,1.944,12/6/2018
pleasantly,2.376,12/6/2018
pointless,-1.581,12/6/2018
positive,2.376,12/6/2018
predominant,1.581,12/6/2018
pretentious,-1.56,12/6/2018
quality problem,-1.581,12/6/2018
quicker,1.581,12/6/2018
quiet,1.008,12/6/2018
recognizable,1.008,12/6/2018
refreshing,1.581,12/6/2018
resilient,1.581,12/6/2018
responsible,1.581,12/6/2018
sexiest,2.148,12/6/2018
sleek,1.581,12/6/2018
sluggish,-1.008,12/6/2018
stopped working,-2,12/6/2018
sturdy,1.581,12/6/2018
stylish,1.719,12/6/2018
successful,1.722,12/6/2018
successfully,1.722,12/6/2018
tasty,1.581,12/6/2018
tedious,-1.581,12/6/2018
ugly,-1.581,12/6/2018
ultimate,1.581,12/6/2018
unfair,-1.581,12/6/2018
unfamiliar,-1.008,12/6/2018
uninterrupted,1.008,12/6/2018
unneeded,-1.008,12/6/2018
unpredictable,-1.008,12/6/2018
unstable,-1.581,12/6/2018
user-friendly,1.581,12/6/2018
versatile,1.581,12/6/2018
waste,-1.944,12/6/2018
working,1,12/6/2018
able,0.795,12/6/2018
absurd,-1.581,12/6/2018
awsome,2.148,12/6/2018
brainier,1.581,12/6/2018
break,-1.008,12/6/2018
capacious,1.581,12/6/2018
capricious,-1.008,12/6/2018
chic,1.581,12/6/2018
classy,1.581,12/6/2018
colorful,1.581,12/6/2018
confident,1.581,12/6/2018
cramped,-1.56,12/6/2018
cruel,-1.722,12/6/2018
deceptive,-1.581,12/6/2018
decrepit,-1.581,12/6/2018
disappointed,-1.581,12/6/2018
disappointing,-1.581,12/6/2018
disposable,-1.008,12/6/2018
dull,-1.581,12/6/2018
durable,1.581,12/6/2018
erratic,-1.581,12/6/2018
exceedingly well,1.878,12/6/2018
expert,1.719,12/6/2018
fast,1.581,12/6/2018
finer,1.719,12/6/2018
finicky,-0.99,12/6/2018
flawlessly,3,12/6/2018
friendlier,1.719,12/6/2018
greedy,-1.581,12/6/2018
happy,1.722,12/6/2018
higher-quality,1.083,12/6/2018
ideal,1.947,12/6/2018
impossible,-1.581,12/6/2018
inappropriate,-1.581,12/6/2018
inattentive,-1.581,12/6/2018
incompetent,-1.581,12/6/2018
incorrect,-1.581,12/6/2018
indispensable,1.581,12/6/2018
inexpensive,1.581,12/6/2018
like,2.55,12/6/2018
lovely,1.947,12/6/2018
loving,1.722,12/6/2018
luckily,1.722,12/6/2018
magnificent,1.944,12/6/2018
malicious,-1.722,12/6/2018
meaningful,1.719,12/6/2018
missing,-2,12/6/2018
nicely,1.602,12/6/2018
noisy,-1.242,12/6/2018
not acceptable,-1.242,12/6/2018
not be able,-0.75,12/6/2018
not be more happy,-2.16,12/6/2018
not charging,-2,12/6/2018
not heat,2,12/6/2018
not ideal,-2.241,12/6/2018
not my favorite,-2.136,12/6/2018
not nice,-1.905,12/6/2018
not professional,-2,12/6/2018
not quite good,-1.491,12/6/2018
not received,-2,12/6/2018
not recommend,-2,12/6/2018
not satisfactory,-1.242,12/6/2018
not so expensive,1.566,12/6/2018
not so fast,-2.238,12/6/2018
not so nice,-2.256,12/6/2018
not that easy,-1.884,12/6/2018
not the most elegant,-2.505,12/6/2018
not too bad,1.884,12/6/2018
not too high,1.557,12/6/2018
not very easy,-2.337,12/6/2018
not very satisfied,-2.31,12/6/2018
not very sturdy,-2.337,12/6/2018
not working,-2,12/6/2018
not worse,2.064,12/6/2018
optimistic,1.719,12/6/2018
peaceful,1.719,12/6/2018
ponderous,-1.008,12/6/2018
poorer,-1.719,12/6/2018
portable,1.008,12/6/2018
profitable,1.581,12/6/2018
quick,1.581,12/6/2018
really good,2.709,12/6/2018
redeeming,1.581,12/6/2018
renowned,1.581,12/6/2018
ridiculous,-1.581,12/6/2018
safer,1.719,12/6/2018
satisfactory,1.008,12/6/2018
satisfy,1.719,12/6/2018
savvy,1.581,12/6/2018
sceptical,-1.008,12/6/2018
secure,1.581,12/6/2018
sensational,2.148,12/6/2018
sexy,1.722,12/6/2018
slick,1.581,12/6/2018
steady,1.008,12/6/2018
stronger,1.581,12/6/2018
suitable,1.008,12/6/2018
swift,1.581,12/6/2018
tidy,1.581,12/6/2018
trendy,1.581,12/6/2018
unable,-1.581,12/6/2018
unbeatable,1.581,12/6/2018
unremarkable,-1.581,12/6/2018
unsecured,-1.581,12/6/2018
upset,-1.722,12/6/2018
useless,-1.581,12/6/2018
very well,2.55,12/6/2018
vulnerable,-1.581,12/6/2018
well-built,1.878,12/6/2018
wonderful,2.148,12/6/2018
__neutral,0,9/18/2020
 slower,-1008,9/19/2020
 economic,1008,9/20/2020
 worth,2.55,9/21/2020
 reasonable,2.55,9/22/2020
 work wonderfully,2.709,9/23/2020
 work fantastic,2.709,9/24/2020
 work perfectly,2.709,9/25/2020
 work flawlessly,2.709,9/26/2020
 easy setup,1.581,9/27/2020
 sharper,1.008,9/28/2020
 sensitive,0,9/29/2020
 old,0,9/30/2020
 black,0,10/1/2020
 hate,-1.947,10/2/2020
 suck,-1.947,10/3/2020
 stuck,-2,10/4/2020
 solid,2.55,10/5/2020
 malfunction,-2,10/6/2020
 terrific,-1.581,10/7/2020
 work great,2.709,10/8/2020
 powerful,2.709,10/9/2020
 not like,-1.905,10/10/2020
 replace,-1.581,10/11/2020
 recommend,2.55,10/12/2020
 not purchase,-1.905,10/13/2020
 hassle,1.581,10/14/2020
 smart,1.581,10/15/2020
 not beautiful,-1.905,10/16/2020
 cheaper,1.58,10/17/2020
 repair,-1.59,10/18/2020
 laggy,-1.905,10/19/2020
 light,1.008,10/20/2020
 super nice,2.148,10/21/2020
 super light,2.148,10/22/2020
 super easy,2.148,10/23/2020
 super helpful,2.148,10/24/2020
 superbly,1.947,10/25/2020
 super reliable,2.148,10/26/2020
 stun,2.148,10/27/2020
 delighted,2.709,10/28/2020
 never recommend,-2,10/29/2020
 never able,-1.38,10/30/2020
 never work,-2,10/31/2020
 never consistent,-2,11/1/2020
 never fail,2.148,11/2/2020
 never disappointed,2.148,11/3/2020
 worthless,-1.581,11/4/2020
